Instrument Name,SDS1204X-E
Serial Number,SDSMMGKX7R3728
Software Version,8.3.6.1.37R17
Awg Type,LAN
Awg IP Address,192.168.11.19
DUT Input Source,CH1
DUT Output Source1,CH2
DUT Output Source2,None
DUT Output Source3,None
DUT Channel Gain,Auto
Sweep Type,Simple
Awg Amplitude,5V
Awg Offset,0V
Awg Amplitude reference level,1V
Awg Load,HighZ
Awg Amplitude Unit,Vpp
Sweep Mode,Logarithmic
Start Frequency,20Hz
Stop Frequency,200000Hz
Sweep Line,50
Sweep Log(dec),5
Amplitude Mode,Vout
Amplitude Unit,Vpp
Amplitude Axis Range,-0.04V,1.56V
Phase Unit,Degree
Phase Axis Range,-80Deg,0Deg
Bode Data
Number of Points,21
Frequency(Hz),CH2 Amplitude(V),CH2 Phase(Deg)
20,1.4053546,-47.0706694
25.1188643,1.01954857,-54.332707
39.8107171,0.799417919,-56.5607755
63.0957344,0.730516951,-57.8102842
100,0.548348207,-57.7660981
158.489319,0.410225326,-56.7118482
251.188643,0.307723676,-54.5605232
398.107171,0.233234076,-51.2339606
630.957344,0.179140144,-46.772944
1000,0.141461584,-41.3314247
1584.89319,0.116220808,-35.2943478
2511.88643,0.0989153904,-29.2413036
3981.07171,0.0873866006,-23.7192929
6309.57344,0.0796374255,-19.0762209
10000,0.0742913296,-15.4112777
15848.9319,0.0706806482,-12.7877516
25118.8643,0.0674313426,-11.1299191
39810.7171,0.0650592503,-10.2536919
63095.7344,0.0626120628,-9.94553459
100000,0.060220149,-10.0947489
158489.319,0.0576272618,-10.8169293
