{"Name": 2, "Circuit String": "R0-p(R1,CPE1)-p(R2,CPE2)", "Initial Guess": [0.15, 0.05, 0.1, 0.9, 0.005, 0.1, 0.9], "Constants": {}, "Fit": true, "Parameters": [6.0546821837566526e-30, 2117.973534696612, 6.720948392962036e-09, 0.8279236828789699, 6163.313547375237, 1.1061121563790787e-06, 0.6157264572901998], "Confidence": [135.08567662749513, 274.13161685953634, 2.5663327706663137e-09, 0.021486813634657605, 312.7154611065847, 1.8686439373377556e-07, 0.027730990936385102]}