{"Name": 4, "Circuit String": "R0-p(R1-Wo1,CPE1)-R2-p(R3,CPE2)", "Initial Guess": [0.01, 0.005, 0.001, 200, 0.1, 0.9, 0.01, 0.005, 0.1, 0.9], "Constants": {}, "Fit": true, "Parameters": [391.0129774608493, 6173.01032790235, 6631.57859979519, 1.1772762111057427, 7.719125123863153e-09, 0.792240620632724, 12.847384905869704, 857.3680616454126, 9.037205810474148e-07, 0.8295668826859873], "Confidence": [135.6962203229622, 1084.0642859774705, 0.0009087115607096975, 2.383982200056508, 4.593694009756343e-09, 0.025764322936918507, 135.68863875087735, 1254.9300002311734, 3.332532636570549e-06, 0.6382121798406306]}